"","text","time","sentiment"
"1","Ещё до просмотра прикидывал, в каком формате Купола можно положить на экран. Представилось, что если уровень детализации будет задан близким к роману, то никакого фильма не хватит. Напрашивался мини-сериал, серий на 10-12. 
Судя по темпу развития 1-й серии, на то очень похоже, что где-то так и будет. Если, конечно, не начеутся ""режиссёрские находки"", уводящие с каноничной тропы сюжета и позволяющие растягивать что угодно на тыщу тридцать восемь серий.
Тщание в проработке деталей и соответствие образов действующих лиц (в т.ч. кастинг), какбэ намекают, что дядюшка Степан Король не просто так слонялся по съёмочной площадке, а лично выписывал лычки и раздавал подзатыльников, дабы заохотить и понудить.
Нравится","2013-06-27T16:51:21+03:00","positive"
"2","Я начал смотреть этот сериал, а потом скачал книгу, ну книга это просто жесть. В сериале этого и близкого нет. Много несоответствия. Но все-равно сейчас ничего другого нормального из сериалов нету, а в ожидании Ходячих и Во все тяжкие - можно смотреть Под куполом. Читайте книги, господа.","2013-07-12T12:33:17+03:00","positive"
"3","СУпер комедия, краткое  описание следующих серий как Я их вижу. 14 серия: опять дети разбежались в конце серии труп. 15 серия: собрались пионеры,включили МЕЛАФОН ,опять труп. 16 серия; барби спасает кучу народа,но опять потери уже 2-трупа. 42 серия:нужен труп,но они закочились,монарх с помощь нло открывает дырку в куполе и туда забегает армия так тыщ 20,и сюжет просто фантастически равивается в новом направлении,по старому сценарию. 1278 серия  заключительная: живой барби,монарх и главный злодей,но его барби все же завалил.нло свалило  невыдержав этот бред сценаристов. хепи энд.","2013-09-19T00:07:58+03:00","negative"
"4","Да ладно вам, мне как человеку который не читал эту книгу, сериал очень даже понравился, сейчас мало сериалов которых хоть приятно смотреть...... Советую посмотреть, жду след. серии!!","2013-09-01T09:23:49+03:00","positive"
"5","Ребят, сам сериал и норм. НО по сравнению с книгой это просто кал.
Посмотрев первую серию там сразу намутили что-то с чем-то, я люблю спойлить, но как ты поспойлишь когда с первой серии начинается то, чего в книге и в помине не было. 
Читайте книгу.","2013-07-08T13:26:22+03:00","negative"
"6","При всем моем уважении к творчеству Кинга я считаю, что просмотр этого сериала - напрасная трата времени. Уважаемые люди, читайте лучше саму книгу!","2013-07-09T15:19:30+03:00","negative"
"7","после просмотра 1 сезона - возникает вопрос, если будет второй сезон - а смотреть ли его:???
затянуто, но досмотрел до конца и в конце сказал - ""и нахрена я его смотрел""","2013-11-12T16:04:20+02:00","negative"
"8","Как всегда: начали за здравие, кончили мыльной оперой. Зачем сценаристам вообще этот купол, они и без него прекрасно бы справились.","2013-08-06T17:21:08+03:00","negative"
"9","В этом сериале стоит  посмотреть только первую серию.  Я посмотрел 3.  В сюжет остальных серий поведение людей не соответствует человеческому  поведению в момент кризиса .    Люди сидят отрезанными от мира в течение нескольких дней без электричества,  в сюжете якобы  у нескольких есть генератор.  И свет как  теперь почти у всех.  Люди СПОКОЙНО ездят на машинах,  сидят в баре и ужинают, достают молоко из холодильника (нет электричества &gt;2 дней),   набирают воду из крана  (электро насосы!).    Хотя даже обычный генератор 2квт  будет есть 1л бензина в час.    Умный бы сценарист нарисовал бы солнечные батареи, а тут….","2013-08-14T22:49:57+03:00","negative"
"10","Я бы на месте Стивена Кинга написал роман про режиссеров, сценаристов, актеров, которые из его книг делают дерьмо, теряется смысл, выдумывается ненужные моменты, искажают текст под требование массы. Фанаты С. Кинга меня поймут.","2013-10-15T10:55:01+03:00","negative"
"11","Шикарный, приятный, и, довольно таки, интригующий сериал.  Если вникнуть во все происходящее то затянет с головой. И, если говорят. по мотивам. то это не должно быть прям как в книге, а так уж как видит режиссер и сценаристы которые надеялись, наверняка, снимая этот сериал, что критики. или кретины, которые якобы прочитали книгу, имели хот каплю уважения к труду людей которые делали этот прекрасный сериал, и к гениальным идеям Кинга. 8 из 10. моя оценка.","2013-09-11T03:51:39+03:00","positive"
"12","первые два сезона отличные, с нетерпением ждал выхода след. серии! 
посмотрев первую серию третьего (еле досмотрев). понял, что начинается какая то дичъ...","2015-06-30T19:01:23+03:00","positive"
"13","я обожаю Кинга, поэтому начал смотреть этот сериал сразу как только он вышел.
скажу что после 5 серий просмотра, дальше я этот нудный, без интриги, сопливый сериал смотреть не буду.
очень грустно , сидишь думаешь о своем, стимула смотреть дальше нет.","2013-07-30T14:22:20+03:00","negative"
"14","Весьма интересный сериал как по идеи так и по реализации.
К окончанию сезона сериал дает слабинку,а интрига и накал заставляющий смотреть его дальше  
слабеет.
Я окончанием был разочарован и надежда на следующий сезон.
У меня такое впечатление что часть сценаристов хотят сделать из сериала сказку-фентези,а вторая научную фантастику,а еще есть кто-то третий который им напоминает типа:
-Пссссс,пацаны вы это не забывайте сериал у нас по Кингу . 
Как-то так.","2014-06-25T00:15:31+03:00","positive"
"15","Герметичный купол который не пропускает даже звук, а ветер нежно развивает у всех волосы))))много глупых ляпов........а в общем норм...","2014-04-22T11:40:12+03:00","positive"
"16","Ну как Вам сказать, смотрел с удовольствием т.к. не было ничего свежего. Потом затянуло и нашел свой смысл в сериале, в общем понравился, хоть затянут и ляпы есть","2013-09-22T16:34:24+03:00","positive"
"17","Начнём с того, что здесь за основу взяли лишь зародыш идеи книги Кинга. Городок, имена, сама ситуация - на этом, пожалуй, общее и заканчивается.
У Кинга повествование более жёсткое, в этой манере, мне кажется, смогли бы снять мини-сериал HBO или какой-нибудь английский канал. У них сериалы такого рода хорошо получаются, жести больше, да и вообще в их ""вкусе"")
Но если абстрагироваться от первоисточника, то сериал вполне смотрибельный. Особенно в летний период. 
Надеюсь, что дальше второго сезона не растянут.","2013-08-28T19:22:57+03:00","positive"
"18","Как по мне - сериал довольно интересный, а что касается несоответствия с книгой, так на то это и экранизация, что бы было интересно то что на экране, ясно что режиссер может что-то  добавить, что-то изменить. Вспомните ""1408"" и скажите как бы смотрелся фильм, если бы его снимали четко по сценарию рассказа, в котором нет ни волны, сваливающейся со стен, ни многих других эпизодов которые интересно Смотреть!","2013-08-07T06:03:16+03:00","positive"
"19","Жаль но похоже сериал не дотягивает до книги.Первая серия очень неплохо,а вот со второй начинается мыло... вообще не о чём.Сценарист и режиссёр ПРОСНИТЕСЬ,иначе зритель вам не простит!)))","2013-07-04T01:03:33+03:00","negative"
"20","Книгу я (еще) не читала. Поэтому могу трезво оценивать сериал, как СЕРИАЛ, а не как точное соответствие с книгой. Посмотрев весь сезон полностью - я уже год жду продолжения. Очень увлекательный сюжет и события развиваются стремительно и непредсказуемо. Как СЕРИАЛ - очень достойный. 9,5 из 10! И подобные вещи с книгой сравнивать не стоит. Лучше воспринимать это, как что-то новое.","2014-05-16T12:47:59+03:00","positive"
"21","Звиздец...ну и финал! И так слабоват сериал и развязки никакой - знал бы не начинал смотреть ...очень огорчила последняя серия(","2014-09-26T14:28:12+03:00","positive"
"22","Меня начинают нервировать люди пишущие, что книга лучше. Создается ощущение низкого развития таких людей, ибо умные уже давно поняли, что книга лучше чем экранизация и это правило. А вот когда наоборот - это исключение. 

Книгу не читал, потому сериалом доволен. Хотя нет, я все время нахожу смешной игру и поведение актеров, их какие-то противоречивые(а порой идиотские) поступки, НО! Сериал интересный, затягивает, и его ""твою мать, что происходит"" больше подстрекает смотреть дальше, а не вызывает желание отключить его поскорее. Конечно, если сравнивать с Во все тяжкие, то слабый сериал. Но смотреть и получать удовольствие однозначно можно. Рекомендую смотреть несмотря на достаточно незамысловатое(возможно даже слишком мыльное и тинейджерское) психологическое состояние героев.","2015-05-05T22:19:17+03:00","positive"
"23","Скажу сразу,книгу не читала!Но сериал очень понравился,не обычный..А тема вампиров,оборотней,зомби и прочей туфты уже достала..Хоть есть ,что посмотреть..И все мы разные -не нравится не смотрите,довольствуйтесь книгой..","2013-09-18T00:57:28+03:00","positive"
"24","Идея хорошая)   вот лисбиянки негритоска с белой и типа дочкой это слишком, что за пропаганда извращений(","2013-07-03T18:06:09+03:00","positive"
"25","Мне все понравилось, сюжет интересный, буду ждать продолжение! а все те кто постоянно ищут недостатки, в принципе не оценят этот сериал, так как уже настроены ко всему скептически.","2013-09-24T10:14:02+03:00","positive"
"26","так среднечок   6  из  10 . посмотрел от нечего делать . не понравилась концовка - отпялился 13 серий и чего ----- додумай сам ... ...","2013-10-13T19:09:27+03:00","positive"
"27","Не знаю почему тут многие так плюются. Как по мне, то снято хорошо. Не нужно пытаться сравнивать фильмы с книгами. Фильм никогда не сможет передать то, что всплывает в воображении читателя. А сериал уж точно получше за многие другие современные. И не напрягает наличием кучи сезонов по 50 серий","2014-01-05T18:17:14+02:00","positive"
"28","Сказано в отзывах очень много и плохого и хорошего, не понимаю людей, которым этот бред понравился. Дальше спойлеры. У коровы из внутреннего устройства организма присутствует только хребет. На протяжение всего сериала не покидает чувство что в этом городе живет 50 человек и только 20 из них обладают даром речи. Все крайне спокойные и безвольные овощи которые мирно проводят все свободное время в кафе, у них у всех заряжены телефоны и работают холодильники, ни паники, ни забастовок ни вообще какой-либо истерии, депрессии и хаоса. Но это еще ладно, дальше хуже.  После сброса бомбы, за куполом была выжженая земля на много км....спустя пару серий об этом забыли и там снова красивая природа...Меня очень удивило как это дом пацана рассыпался при магнитизме(видимо из него все гвозди вылетели) а дом Джулии (тоже у границы) стоит целый и возле купола не набросано всякого хлама. Да и маловато-металла притянуло, учитывая что магнетизм был такой мощи что вырвал колокол из церкви. Очень примечательно еще, что в это время металлом привалило убежище Большого, КАК?ПОЧЕМУ?ЗАЧЕМ? он же в земле и не имеет отношение к стенам купола.Джулия вообще крутая чика, после огнестрельного ранения на след. день в озеро ныряла брасом девку спасать, а после того как ей ногу проткнул кусок железа она ходит не прихрамывая. Да и замерзали они прикольно.....все в пиджаках ходят и дрожат, кто-то уже совсем замерз, при этом все без шапок и теплых курток! ДРОВА? -НЕ, НЕ СЛЫШАЛИ. ,На озере лед кусками а не скованная гладь....а у Барби капли пота на лбу....на след день после мороза-убийцы летняя зелень газонов и деревьев не пострадала....Для меня апогеем всего идиотизма стало то, что когда купол начал сжиматься, то это выглядит так как будто с краю кто-то сгреб асфальт немного. Вообще-то купол сжимается со всех сторон, и под землей соответственно тоже, выталкивая почву вверх. Там бы уже через 10см диаметра пипец всей поверхности пришел а не кучка асфальта у границы... все, больше не могу смотреть этот бред","2015-07-21T16:31:34+03:00","negative"
"29","Серіал дуже затягуючий, з початку подивився три перших серії, на другий день решта 10. Хочеться вже другого сезону.","2013-11-16T23:00:45+02:00","positive"
"30","увы, данное произведение кинга не читал, но сериал начинает утомлять. затирается интерес, да и характеров, сюжетных линий - раз-два и обчелся. не знаю сколько серий/сезонов запланировано, но будь я продюсером - второй сезон бы ""зарубил""","2013-09-13T09:25:22+03:00","negative"
"31","книгу правда не читал а значит и разочарование такое не получил . но в любом случае при чем тут книга ? сериал то не по книге а по ее так называемому сюжету , типа сериал это одно а книга это другое . что в итоге смотрим сериал и читаем книги )))
сам сериал довольно таки нормальный , но правда в основном самый смак это в первой серии а потом просто события . и как всегда у Кинга конец просто ""дорисуй его сам"" . было интересно чем же закончится но вот такого конца просто не ожидал . облом . так что было бы не плохо еще пару серий для оконцовки )))","2013-09-29T12:05:25+03:00","positive"
"32","Начало справді непогане, хоч книжки не довелось прочитати тому  і порівнювати не можу їх між собою, але загалом  я думаю це вийде добротний серіал.","2013-07-18T22:35:39+03:00","positive"
"33","Не вытерпел этой наивной тупости!!!!! Только америкосы могут снимать такую лажу!!!!! Сопли, сопли, сопли, сопли..................!!!","2013-07-26T09:19:24+03:00","negative"
"34","2 серія-пожежа,халтура - капець.Хоча б раз подивилися б як горить будівля(дерев’яна),дідок не зміг вибратися із халупи яку ж сам підпалив і вона зайнялася як вогнище після літру бензину,відра ємністю в літр і 100 чоловік не могли відрами загасити невеличкий будинок.Режисеру  потрібно хоч іноді якщо і не бачити в реалі те,що хоче зняти,а хоча б для початку подивитися відео в ютубі. Хоча ідея непогана.","2013-08-28T23:30:49+03:00","positive"
"35","Я не читал книгу, видимо только поэтому мне сериал очень понравился и я не понимаю отрицательных отзывов)))","2013-09-07T19:04:38+03:00","positive"
"36","Довольно таки интересный сериал. Хорошая задумка, создать сериал по роману С. Кинга. Конечно, события сериала немного отличаются от событий книги, но в целом сериал получился хороший и возможно скоро станет очень популярным. Рекомендую к просмотру.","2013-09-10T13:14:52+03:00","positive"
"37","Политкорректное фуфло с кретинами и лесбиянками. Актерский состав неплох, но роли им выписаны отвратно. Читайте люди книгу.","2013-09-19T23:21:11+03:00","negative"
"38","Сама концепция неизведанного и загадочного конечно увлекает, но в остальном стоолько глупостей просто мрак. Да и постановка халтурная. Придётся досмотреть только из-за любопытства чем закончится.","2013-09-21T22:11:51+03:00","negative"
"39","сочувствую всем кто от сериала ожидал суперр экшина это кинг ) все кто читал кинга и ему ша  не понравилось почитайте 2 книги исход)","2013-10-22T00:43:12+03:00","positive"
"40","Первое впечатление о фильме ""оцтой"". Подумать , то... люди которых накрыли крышкой.. и что в этом такого интересного? Да не все так просто. Мистика, загадка, реакции людей на происходящее. Скажу так посмотрел первую серию, решил посмотреть потом вторую и уже со второй серии втянулся в сериал. Нравиться +1. Спасибо за анг. версию!","2013-09-27T22:33:17+03:00","positive"
"41","честно говоря сильно раздражают отзывы ""книгу не читал,но.."" - Так прочитай!
если кто-то не читал  Анну Каренину,то на фильме это не сильно отразится.
Сюжет кардинально изменен,и я не знаю что будет дальше,но получается ересь.
Сам начал смотреть,не выдержал - прочитал книгу.
Вывод: читайте книги господа.
интерес к сериалу пропал напрочь.","2013-10-03T14:33:51+03:00","negative"
"42","для поклонников Кинга фильм пойдёт... атмосферности пока нет, актёры неплохие...больше всего запомнилось : на 25-26 (минПроф. (BaibaKo.TV)  2 серии ""полицайка"" очень круто выразилась(матом)....","2013-07-03T11:07:37+03:00","positive"
"43","Не знаю, мне сериал понравился, смотрел весь день до 2х ночи. Книгу не читал сравнивать не могу, может книга и лучше. А для тех кто не читал данный роман рекомендую.","2013-11-11T11:51:38+02:00","positive"
"44","Сюжет этого сериала похож на пародию сюжета из книги, но в целом, если смотреть как отдельный сюжет - норм","2014-06-24T13:30:02+03:00","positive"
"45","Серіал подобається..........

Рекомендую!!!

3 сезон....де ти???)))

Дата выхода Под куполом 3 сезон — июнь 2015 года.","2014-12-07T09:16:41+02:00","positive"
"46","Книгу не читал,но сериал супер.
Мистика,триллер,шутки тоже присутствуют))
Интересный сюжет очень,советую всем.
Актеров хорошо подобрали...","2015-01-11T04:45:38+02:00","positive"
"47","Сюжет просто бомба, но игра актеров это отдельная история...полный провал. Кое-как спасает ситуацию актер который играет Большого Джима..все остальные, как-будто Ералаш смотришь...поэтому сериал и закрыли видимо, хочешь рейтинги, вкладывай бабки в хороших, опытных актеров. На одном Дине Норрисе, далеко не заедешь...","2015-09-08T00:25:56+03:00","positive"
"48","Самое Главное чтобы не повторилась история с lost'ом, как для меня слишком много интриг, непонятной мистики, личных историй, и стало как то скучновато, бросил где то на 3 сезоне.
А этот сериал прикольный!","2013-07-06T12:27:30+03:00","positive"
"49","Уже другий сезон як дивлюсь цей серіал, радує своєю інтригою і нагнітаючим розвитком подій, в загальному рекомендую.","2014-07-07T21:29:15+03:00","positive"
"50","тут многие пишут что первая серия отличная и многообещающая, а дальше идет калл. так вот, если вы ""это нудятину"" называете многообещающим, то 2 серию даже начинать смотреть не буду. хочется верить что книга и вправду интереснее","2013-11-06T05:05:27+02:00","negative"
"51","Просмотрел 1 сезон ещё зимой - обалдел. Ждал, когда же второй будет. Было очень интересно. Сюжет, актёры, спецэффекты...всё на уровне. Посмотрел 1-ю серию второго сезона - возник только один вопрос. Что вообще происходит? Игра...нет, перемещение актёров по кадру с эмоциями камня, идиотские ляпы...(-""Я ищу девочку. На вид 17 лет, тёмные волосы"" -""Я её видела"" - это что-то типа -""Я ищу колесо, круглое"" -""Я его видела""; а труп латинки-копа - сама закрывает глаза и на шее явно видно пульс; избирательный магнит - пистолеты, ключи, наручники притянул, а бляхи ремней, часы... Не понравились? Про гвоздь сквозь руку и перерезание верёвки толщиной в большой палец одним махом вообще молчу...).
Впечатление о серии сложилось будто серий 5-7 обрезали и скомкали рандомные части. Не хотелось бы ТАКОГО продолжения.
Поставлю палец вверх за первый сезон и авансом в надежде на адекватное продолжение.","2014-07-06T20:43:25+03:00","positive"
"52","Чет очень много не сходится с книгой, много добавили, много убрали. Смотрю все же, но разочарован очень:(","2013-07-26T01:28:06+03:00","negative"
"53","Интересная задумка но реализация не очень. Все эти американские тупости просто убивают. Множество таких тупых не логических моментов от которых плюёшься в монитор, но всё равно смотришь.","2014-09-30T16:54:28+03:00","positive"
"54","Хотите наглядно узнать, что такое ""танци по граблям""?
Добро пожаловать на просмотр «Под куполом»
Тут прощают убийц и насильников, ставят их в правящее звено. Но они хотят убить еще больше, что раскрывается. Но их боготворят еще больше, прощают, что ведет к очередному кругу маразма. И все это оправдывается одной фразой ""Купол бы этого хотел"" (С), хотя не учитывается логика жителей Честерз Милл. Купол контролирует мозг всех жителей и оболванил главных героев? Что стоит за этим безумием?
Все это и еще больше ахинеи, смотри в сериале «Под куполом»","2015-08-24T14:32:43+03:00","positive"
"55","Сначала, посмотрел 2 сезона т/с ""Под куполом"" - очень даже не плохо(радует актерский состав), хотя сериал очень предсказуемый... 
Потом, начал читать книгу... Вообщем, сюжеты разные, герои тоже. Только имена те же и город тот же=)))
Советую: смотреть сериал и читать книгу... две разные истории, которые чуть-чуть похожи)))","2015-01-09T22:31:26+02:00","positive"
"56","Очень хорошо снято, захватывающе и интригующе. Но вот прикол, откуда под куполом взяться ветру??? а он присутствует во многих сериях.","2013-09-10T22:35:06+03:00","positive"
"57","Сериал на 3ку по 5ти бальной,но посмотреть можно.И почему во всех Американских фильмах сериалах показывают панику хаос и прочую суету.Это уже надоело","2013-12-26T19:37:30+02:00","positive"
"58","Примитивный сериал. В начале интригуют, но на этом всё, дальше идёт обычная мыльная нудистика. В ходячих мертвецах хотя бы зомбей мочат каждую серию.","2013-11-04T18:08:06+02:00","negative"
"59","Очень все по Кинговски, достойное начало, нудноватая серединка и впечатляющий финал !!!!
Любителям Стивена смотреть ...","2013-10-07T19:42:27+03:00","positive"
"60","Нормальный сериал!
Минус в том что он отлечеться книгой они совсем разные!
Плюс интересно что будет когда откроеться купол!
Интерес в том что когда откроеться купол он был: прозрачным,чорным,белым!","2013-09-29T18:42:46+03:00","positive"
"61","Фильм довольна таки интересный.Как и в других фильмах есть скучные моменты,но скучать не даёт.ребят,смотрите,не пожалеете))","2013-09-28T19:17:00+03:00","positive"
"62","Очень хорошо снято, захватывающе и интригующе. Но вот прикол, откуда под куполом взяться ветру??? а он присутствует во многих сериях.","2013-09-16T20:53:22+03:00","positive"
"63","Сериал потрясающий, завораживает с первых минут и оторваться просто невозможно. Сериал не берет именитым актерским составом, нет музыки Рамина Джавади или Ханца Циммера, но есть    
потрясающая игра актеров и гениальный сюжет Стивена Кинга, который очень удачно показали нам режиссеры сериала. Сериал, однозначно, обязателен к просмотру.","2013-09-15T01:40:51+03:00","positive"
"64","Просмотрел весь первый сезон за 2 дня, не мог оторваться, но наверное из-за того, что книгу не читал, но поскольку второй сезон выходит летом 2014-го то начну читать.)
П. С. Чем-то напомнило минисериал ""Потерянная комната"".","2013-09-13T02:38:41+03:00","positive"
"65","До того як подивитися серіал, я гадав, що ""Під куполом"" означає в переносному сенсі. Але коли я побачив, що це насправді КУПОЛ, то я дуже здивувався","2013-08-24T16:46:44+03:00","positive"
"66","Ой ну и намудрили они... В книге вообще и близко не такой сюжет. Хотя сериал норм, смотреть можно. В целом понравился","2013-08-27T21:39:30+03:00","positive"
"67","Сериал просто космос 
после его просмотра мне хочется смотреть его всё больше и больше
с нетерпением жду 2 сезон","2014-01-10T09:30:33+02:00","positive"
"68","Сериал очень классный, всем смотреть!! после серии пятой начинаеться самое то, смотрите не пожалете)","2013-08-07T18:00:52+03:00","positive"
"69","Согласен очень быстрый сериал если так дальше пойдёт то сюжет уже будет не интересный,судя по всему 12 серий это максимум,мне понравился весёлый не даёт скучать в каждой серии находиться что то своё!","2013-08-06T22:58:03+03:00","positive"
"70","Я как любительница жанра и творчества Кинга сразу влюбилась в сериал. Он хоть и не снят полностью по книге, но он однозначно хорош, а те кто оставляют ничем не подкрепленные коментарии в духе ""отстой"" и т.п просто отбивают у людей желание смотреть сериал, лучше просто посмотрите и делайте свои выводы, а не слушайте этих критиков =)","2013-08-06T14:00:00+03:00","positive"
"71","Я, как человек который не читал книгу, считаю, что сериал то отличный! Советую тем кто прочитал книгу, смотреть этот фильм - как нечто не связанное с этой самой книгой.","2013-07-30T19:23:35+03:00","positive"
"72","Интрига и намек на интересный сценарий, в сериале, есть!!!
 Главное чтоб не сделали мыло или не прегнули.
 Время покажет)))","2013-07-23T03:19:16+03:00","positive"
"73","Дивився колись серіал ""Flashforward"". Цей серіал нагадує мені його своєю непередбачуваністю та загадковістю, постійно відбуваються події, речі, про які навіть не здогадуєшся.
Рекомендую! =) Жаль, що спершу побачив серіал, а не книгу Стівена Кінга.","2013-07-15T20:36:03+03:00","positive"
"74","Отличный задумка,хороший сериал должен получиться.
Теперь я буду испытывать ''Это чувство'' когда посмотрел все серии и ждешь новых)","2013-07-13T19:47:27+03:00","positive"
"75","Красиво снято, замечательные спецэффекты, прекрасная игра, не затянуты события! Как картина - бесподобно, обалденно и просто супер!!! Претензий нет.  Но... Или книга, или сериал. Не советую сначало читать, а потом смотреть. Кто читал книгу С.Кинга, тот меня поймёт. Из книги взято только саму идею и название, а остальное уже дело рук и фантазии самих режиссёров. Я сначало расстроилась, так как являюсь поклонницей С.Кинга, а потом попробовала воспринять, как совершенно другую историю. Серал - то, ведь действительно, классный! И заслуживает Вашего просмотра!","2013-07-11T23:12:45+03:00","positive"
"76","как всегда бла бла бла.какойто спецназовец.журналистка .псих .слетевший с катушок коп .лох -подросток его раздражающий друг в дыбильной шапочке и все они решают свои проблемы которые у них могли бы возникнуть и без купола.а вот на протяжении трёх серий мы так и неузнали как и нафига он нужен етот самый купол кроме фразы про розовые звёзды .мне кажется что создатели запороли сериал","2013-07-10T21:41:04+03:00","negative"
"77","Это лучший сериал из всех которые я смотрел. Захватывающий, интересный, блестательная игра актеров и интиреснейший сюжет. Может 1 серия не очень захвативающая но последние 5 серий классные, напряженные. Поверьте этот сериал ЩЕДЕВР.","2014-01-03T00:14:33+02:00","positive"
"78","В принципе интересно, но затянуто, и ляпов хватает. Книгу читал очень давно, надо бы освежить память, перечитать. Что-то мне кажется что после нее желания смотреть второй сезон не будет.","2013-11-08T03:44:11+02:00","positive"
"79","что-то непонятно совсем чем всё кончилось.купол так и остался,никто не помер,а он посветлел...какое то чувство незавершенности осталось","2014-02-18T13:09:32+02:00","positive"
"80","После просмотра первой серии был в восторге. После просмотра 1 сезона был еще в большем восторге. Посмотрел 12 серию 2 сезона, разочарован. Второй сезон поменял впечатление о сериале в худшую сторону. Такое ощущение, что начинают придумывать что попало лишь бы продлить картину.","2014-09-24T15:39:51+03:00","positive"
"81","Это не Кинг, а жалкая пародия. ФУ! Сплошное разочарование. Кто читал книгу, тот поймёт. С первых секунд несоответствие книге..(","2015-10-18T22:34:13+03:00","positive"
"82","Те, кто читал книгу - не ждите соответствий. За основу из книги взяты лишь имена и, естественно, само событие - опустившийся на город купол.
Первые два сезона смотреть было действительно интересно, игра актеров, развивающийся сюжет - ну всё! . К третьему пошла полная мура. 
Очень жаль, что из-за нехватки идеи снимают чепуху. :(","2015-09-10T17:16:27+03:00","positive"
"83","Загалом здається, що по рейтингу серіал переоцінили. Не спорю, він цікавий хоча і надто передбачуваний. 7/10","2015-08-22T11:53:30+03:00","positive"
"84","Скажу так, сериал плохой, но плохой это слабо сказано - он ужасный. Все действия и в целом сюжет и игра актеров настолько притянуты за уши что аж тошнит! Я думал что только в странах СНД бывают такие малобюджетные высеры... Жалко что это произведение Стивена Кинга вообщем,  не дай бог эти уроды будут Темную Башню снимать в таком же стиле, я не переживу. Написав это я посмотрел до 3-го сезона 4-й серии, скажу честно одна серия хуже другой, бывает даже хочется отвернутся и закрыть уши, если вы уже так хотите посмотреть этот сериал то готовьте себе сразу пакеты для сблевывания, на трезвую голову вообще лучше не смотреть, я очень жалею о потерянном времени. Если бы можно было поставить 1000 минусов я бы поставил не раздумывая, такого редкого кала я давно не встречал...","2015-07-16T03:12:21+03:00","negative"
"85","Жду 3 сезон. Книгу не читал и даже не знал что есть такой замечательный сериал. Когда уже было 2 полных сезона решил посмотреть что и как. 2 дня, целых 2 дня не могу оторваться от сериала. Игра актеров, задумка все на высшем уровне. Купол, это вообще вещь, в сериале показано как власть не может разобраться с ним, будь она внутри или снаружи.","2015-06-15T00:26:48+03:00","positive"
"86","Вообще-то, этот сериал и не должен быть по книге. Просто взяли самую идею с куполом. 
Не должно же быть все, как в книге. Режиссер свой сценарий придумал и молодец.","2014-04-30T21:19:41+03:00","positive"
"87","Примитивная чушь 20-го века... В начале интригует, захватывает, но на этом всё, дальше идёт обычная мыльная Санта Барбара, с бесконечными тупыми диалогами... Не ведитесь на ""это"", лучше звините Солу )","2015-03-23T19:17:55+02:00","negative"
"88","Замечательный сериал! второй сезон намного лучше первого! поднял планку так сказать)   если любите мистику  смотреть обязательно))  в основе лежит книга Стивена Кинга, что делает сериал более интригующим))  с нетерпением жду третий сезон)))","2015-03-16T20:49:11+02:00","positive"
"89","Только лишь услышав короткое описание фильма от друга, я решила, что обязана его просмотреть!!!И не ошиблась)
Книгу не читала, скажу сразу. Задумка очень необычная, интересная. Именно в такой ситуации можно понять истинную сущность людей,которые тебя окружают.
Жду с нетерпением новых серий)","2014-10-07T00:02:18+03:00","positive"
"90","Вопросы, вопросы, вопросы... Мистический сериал полностью оправдывает жанр - ничего не понятно! Но, зачастую, мистическая составляющая теряется из-за акцентирования внимания на особенностях поведения людей в замкнутом пространстве. Количество тайн, маньяков и высокопарных речей на квадратный метр зашкаливает. Куча неточностей и затянутой бытовухи- не мудрено, ведь из одной книги надо высосать несколько сезонов сериала (подозреваю катастрофическое несоответствие того и другого). Книгу не читала, поэтому не могу сравнивать, но почерк Кинга заметен. Славы ""Lost"" или ""Игры престолов"" этому сериалу не видать, но посмотреть его можно.","2015-06-11T04:16:42+03:00","positive"
"91","Книгу не читала. 1-й сезон сериала понравился, т.к. режиссеры все-таки смогли выдержать интригу. Во 2-ом началась несуразная муть, но все-таки осталось желание узнать чем все закончится. В общем впечатление и сериале осталось положительное.","2014-09-23T17:53:13+03:00","positive"
"92","серіал дуже сподобався, хоча особисто мене, він не вразив з першої серії... друга та третя вже взяли своє, і втянули в сюжет))) дуже цікаво, жду кожну серію!)","2014-08-31T13:30:54+03:00","positive"
"93","По правде меня заинтриговала только первая серия, а дальше смотрел с небольшой интригой. После первого сезона можна сказать что сюжетместами не продуман и есть неуместные сцени.

8 с 10","2014-08-03T20:08:49+03:00","positive"
"94","Меня подтолкнуло на просмотр этого сериала только то, что он снят по мотивам романа знаменитого и неповторимого писателя Стивена Кинга. Просмотрев все киноэкранизации его произведений, думал что испортят и это, так как из всех снятых фильмов по Кингу можно насчитать одну или же две достойных к просмотру киноленты, и сериал Под Куполом, я отнесу к данному количеству. Действия сериала развиваются очень быстро и не побоюсь выразиться экстремально, так как за восемь дней, у них столько всего происходит, что уму не постижимо. 
Эмоциональные разборки, нервы, конфликты, стрельба, взрывы, разрезанные коровы, это все здесь придает свою атмосферу сериалу. Сразу же возникает вопрос что это такое, и откуда взялся этот купол? Но с каждой серией тебе подают маленькие кусочки пазлика, картина которого только сложится скорее всего в последней серии, и не факт что в конце сериала нам расскажут что это было, и для чего он был нужен. Сериал очень хороший и рекомендую просмотреть каждому, кому нравится неизведанное. Моя оценка 8 из 10.","2014-07-30T21:36:22+03:00","positive"
"95","Сериал затягивает с первых серий, но к концу 1го сезона складывается ощущение, что у сепаратистов застой, и что они не знаю чем даже закончить 1вый сезон. Не говоря уже о начале  второго. Но смотреть стоит! Посмотрим на сколько сезонов хватит купола.","2014-07-05T14:32:16+03:00","positive"
"96","Да,сериал конечно же интересный,сюжет неплохой(все таки С.Кинг работал над ним),есть конечно недоработки в спецэфектах(такое чувство,что в 1 серии у разрезаной коровы,не было ничего внутри кроме хребта),но фиьмец на ура!!!","2014-06-24T10:46:34+03:00","positive"
"97","один сезон, 13 серия и это финал??? я бы сказала что это только средина, всё закончилось только в разгаре событий.. непонятно","2014-06-14T21:15:29+03:00","positive"
"98","о да это именно тот сериал которого я ждал всю жизнь в этом сериале есть просто всё советую всем посмотреть","2014-06-03T18:27:30+03:00","positive"
"99","Розпочав дивитись серіал після прочитання книги) Книга набагато краща) Проте серіал дивитись можна) як на мене непогана екранізація)","2014-05-11T17:51:16+03:00","positive"
"100","Сюжет должен быть нормальным, но эти ббсишные и т.д. заказы з апарили. Гавно-сериал делают, если они хотят растягивать сам фильм и иметь с него деньги, так пускай на ... вкладывают в него больше, а не мутят свои аргентинские ""мыльные оперы"". Ну вообще пойдёт сюжет, Кинг всегда отжигал, но кто много пересмотрел его или перечитал- сразу знает финал...","2014-09-12T03:04:24+03:00","positive"
"101","Один из немногих хороший сериалов, который можно и нужно смотреть! Чем дальше, тем интереснее и напряжённее сюжет!","2015-08-07T23:23:25+03:00","positive"
"102","Сьогодні дочитав книгу. Вирішив подивитись екранізацію. Подивився першу серію. Клітини мозку пручались зі всих сил. Щоб остаточно не травмувати свій мозок - вимкнув взагалі. Люди, якщо ви читаєте цей коментар (що вже добре), то послухайте моєї поради: я Вас прошу, придбайте книгу за 70 грн, не полінніться та прочитайте її. Я читав її два тижні, я жив разом з цими героями з самого початку, від моменту опускання куполу на Честер Міл і до ... Я ходив разом з жителями цього міста по Мейн стріт, бачив перехрестя шоссе №119 та № 117, слухав їхні розмови в Троянді-Шипшині за чашкою кави та  читав свіжий номер газети ""Демократ"". Переживав за хороших героїв та відчував огиду до поганих. Я був з цими людьми від самого початку і аж до кінця (дякувати за це Стівену Кінгу). 
Люди читайте книгу, розвивайте в собі фантазію і не будьте фільтром який пропустити через себе 2 сезони казна чого.","2015-02-18T19:29:45+02:00","negative"
"103","Сериал заслужил почётное место в топе. Во-первых, это Кинг, во-вторых, много талантливых режиков работало над съёмками, в-третьих, подбор актёров, их игра, развитие событий радует.

(Хоть, я книги и не читал, но 3-4 серия 3-го сезона говорит о том, что дальше будет интересно)

Вот Вам моё ""Да"".

9 из 10","2015-07-11T12:02:01+03:00","positive"
"104","Как по мне - хороший сериал. Время убить можно.
Первый сезон пошел вообще на отлично. Второй аналогично. А вот дальше...
Начинают глупости показывать. 
Сериал для тех, кто не ищет адекватности и ляпов. 
Итог - 6\10.","2015-08-05T14:02:28+03:00","positive"
"105","Очень не часто оставляю комментарии, но этот сериал... - это просто шедевр издевательства над зрителем...(((((((
 По окончании просмотра, остаётся чень много КЛЮЧЕВЫХ для всего сериала вопросов БЕЗ ответов... так убили концовкой, что даже нет желания прокручивать в голове сюжет, перечисляя эти вопросы, но могу сказать одно - я очень пожалел что потратил столько времени на просмотр ЭТОГО ""ГМО""(((((((","2014-10-02T00:11:26+03:00","negative"
"106","книгу не читала. мой вердикт - интересно. ничего плохого про сериал сказать вроде не могу) поэтому советовала бы к просмотру, кто любит такой жанр.","2015-09-10T22:13:57+03:00","positive"
"107","Сериал потерял смысл на средине 2 сезона,3 так и вообще в бред превратился во главе с силиконовой госпожой....","2015-09-18T22:53:54+03:00","negative"
"108","1 сезон 13 серия ..... когда идет заставка названия сериала .... сериал имеет название ВоВсеТяжкие)))))))","2015-09-25T00:35:53+03:00","positive"
"109","очень классный сериал!!! есть много чего такого, что можно взять для себя, например как вести себя в той или иной ситуации.) первый и второй сезон смотрелись на одном дыхании, третий сезон был с нюансами банальности.) но в целом сериал классный!!!! советую тем, кто любит фантастику.))","2015-09-30T02:28:38+03:00","positive"
"110","Посмотрел первый сезон на одном дыхании. Непредсказуемый сюжет и желание получить ответы на все вопросы заставляет смотреть серию за серией. Но под конец второго сезона это стало жутко надоедать, стало скучно, сериал стал казаться глупым. Все хорошо в меру, первый сезон и начало второго мне понравилось, дальше началась муть... 
И еще немного раздражает доброта главных героев, сколько раз их подводит и хочет вставить нож в спину этот политик, а они его отпускают и отпускают.... 
В целом сериал хороший, правда не знаю что будет в 3 сезоне.","2015-10-06T17:24:51+03:00","positive"
"111","сериал классный. я скачал и посмотрел быстро как моя физиология позволяет. такое нашествие активных действий, что нет терпения откладывать следующую серию на завтра. и вот досмотрел и грустно стало, что сериал закончился. но закончился на таком моменте, что вроде должен быть 3 сезон. история не закончилась. ведь по сюжету фильма, за пределами купола ""чёрные человечки"" озабочены куполом, и с их отношением к выжившим ни ясно. и что с яйцом? в прочим 3 сезон мог бы быть похожим чем то на сериал ""4400"".","2015-01-14T23:30:02+02:00","positive"
"112","По сравнению с другими сериалами, он шикарный, но по маленькому стал сдавать назад. 
Думаю в следующих сериях он поднимется в самый верх, и станет одним из самых дорогих и интересных сериалов.

Ждем более новых интересных серий!","2014-10-01T10:49:46+03:00","positive"
"113","Сериал не плох по сценарию, хотя немного хромает игра актеров. А что касается коментов, где говорится что много несоответствий с книгой - так сериал снят по мотивам, а ни по одноименному рассказу... а значит за сюжет была взята лишь суть.","2013-07-31T06:15:54+03:00","positive"
"114","Начинала смотреть - очень нравилось. Но потом началось соплежуйство! И концовка  - отстой((((((((((((((","2013-11-02T00:09:15+02:00","negative"
"115","Сериал очень интересный и захватывающий!
Очень много моментов, когда казалось бы вот - уже всё, они выбрались, но тут же что-то случается и всё по-новой. Именно поэтому сериал затягивает. Хочется смотреть все дальше и дальше!
Конечно, сериал очень различается с одноименной книгой Стивена Кинга - добавились новые персонажи, появились несколько любовных линий, чего в книгах Кинга редко встретишь. Но ни смотря на это фильм не надоедает и не заставляет скучать при просмотре.
Вообщем - советую к просмотру!
10/10","2014-09-25T20:26:28+03:00","positive"
"116","Серіал знятий за мотивами однойменної книги від Короля Жахів!! Без сумніву він стане одним з лідируючих серіалів цього року!! Вже в очікуванні наступної серії (а їх буде всього 13). 
Серіал заінтригував дуууже.","2013-06-26T21:23:22+03:00","positive"
"117","Кинг супер!читал книгу думаю сериал будет интересным)  (кстати когда читал книгу в мыслях пролетало о том что классный бы фильм был бы по мотивам книги)","2013-07-02T18:40:06+03:00","positive"
"118","очень интересно, но не понравилось что сильно поменяли героев, ту же самую Джулию и Дейла, офицера Веттингтон и т.д. прочитав книгу, немного удивляешся таким изменениям","2013-07-03T10:17:07+03:00","positive"
"119","Серіал шикарний, з нетерпінням чекатиму продовження. Надіюсь скоро екранізують і Темну вежу, вона безперечно стане кращим фільмом року)","2013-07-16T14:27:22+03:00","positive"
"120","Сама идея сериала очень крутая, к сожалению  книгу не читал, но думаю, что стоит. Что касается реализации, то на сериал явно пожалели денег. Актеры в осномном неизвестные, очень мало массовки, спецэффекты на уровне 80-х годов прошлого века. Сериал смотреть можно, интрига присутствует, но сейчас его вытягивает только, повторюсь,  сама идея. Будем расчитывать, что второй сезон снимут с размахом - а пока можно прочитать книгу...","2013-08-10T15:22:35+03:00","positive"
"121","После 5-ой серии понял, что это муть страшной силы. Дабы не обижать почитателей - для детей до 18 лет, не более того.","2013-08-29T22:54:44+03:00","negative"
"122","Сериал надо посмотреть уж очень хороший. И я бы к жанру добавила комедия ведь это фраза меня просто повалила, цитирую:
-Ты ужасен..
-Как кто? Как преступник?
-Хуже...как политик..","2013-09-17T18:21:50+03:00","positive"
"123","Вот и закончился первый сезон (финальная 13 серия). Что мы имеем? Трупы, трупы, трупы и никаких совершенно объяснений. Не скажу, что сериал плохой, но очень уж затянут и неправдоподобен. Не говоря о вышеописанных странностях с электричеством, добавлю отношения героев между собой. Они совершенно нереальны. Полицейская, дети, возлюбленная Барби и все остальные - такое впечатление, что совершенно не хотят друг с другом как то контактировать. Всегда бегают один от одного при этом не взаимодействуют сплоченно. То они вместе, то уже на каких то совершенно разных частях города. Порадовала концовка, где весь город стоит на мероприятии посвященному Барби, а девушка-монарх и  дети шарятся непонятно где вместо того, что бы прийти в народ и сообщить о сложившейся ситуации.. В общем фильм я смотрел с интересом, но не ожидал, что всё закончится так и не начавшись. Я разочарован. Буду ли смотреть второй сезон? Разве что когда его полностью выпустят и не придется ждать неделями непонятно чего...","2013-09-19T19:32:54+03:00","negative"
"124","Книга интересная, а вот сериал получился надуманным (делаем скидку на то, что он всего лишь по мотивам книги). Сезон осилил и понял, что второй сезон это будет обычное жевание каши. А жаль","2013-09-25T17:22:47+03:00","negative"
"125","Очередной пример того,как можно тупо слить интересную тему.Кроме ярких картинок и идеи,придуманной Кингом,в сериале нет НИЧЕГО.Вас трогают безэмоциональные поступки плоских картонных персонажей? Меня-нет.Авторы примудрились снять так ""увлекательно"",что мне абсолютно не интересно,что будет дальше с этими кукольными персонажами и что это за купол.Поразительно скучно и мыльно.","2013-09-20T22:29:28+03:00","negative"
"126","О  чем это? О человеческих страстях, добре и зле? О контакте с иной цивилизацией? Что это – триллер, драма, фантастика? Это – ни то, ни другое, ни третье…. Пшик в общем… Затянуто, не драматургично… Скушно.

«Порадуются» все.  Те, кто читал книгу и те, кто не удосужился… Первые – разочаруются экранным дерьмо-воплощением. Вторые – когда с трудом дотянут просмотр сериала и с омерзением обнаружат, что все было зря… Финала-то нет! Конца этом опусу не видно… Грядет второй сезон, а за ним…
Не стоит тратить свое время на это чушь. Оценка: 0/10.","2013-11-21T21:20:08+02:00","negative"
"127","Невероятно огорчён сериалом. Это мой первый отзыв на сайте, всегда думал, что он будет позитивным и я буду расхваливать фильм, но увы. Абсолютная мыльная опера, на фоне которой где-то далеко, за облаками, под самой вершиной купола, таиться мотив книги великого Кинга. Прочитав отзыв одного из пользователей сайта, я не мог не согласиться с тем, что купол как таков, тут по большом счету и не нужен, лишние затраты на комп. графику для художников, не более. Смысловая нагрузка самого купола для меня существовала от силы первые две серии, после них я смотрел некий фильм, в котором хитроумным образом переплелись судьбы разных людей. Напоследок отдельно хотел сказать о героях, они очень американские, да-да, я в курсе, что сериал снять ими и о них, но это перебор. Я не поверил ни в купол, ни в людей живущих под ним... Я не знаю можно ли здесь писать о каких-то ляпах в фильме, если нет удалю сию запись. А дело в том, что в одной из серий Барбара роет яму для умершей женщины, могилка такая получилась не маленькая, небольшой автомобиль в неё бы уместился, и что вы думаете? как в старой доброй рекламе его футболка оказалась сухая и совсем не пахла... Я не понимаю такого. В мелочах всё. Спасибо за то, что прочитали это, возможно кому-то помогут мои умозаключения и вы сэкономите время потраченное на этот сериал. .... п.с. Хотя вы знаете, наверное всё таки стоит посмотреть самому это творение, ведь вкусы действительно у всех разные. Глядишь и оцените.","2014-07-21T22:22:42+03:00","negative"
"128","Есть нестыковочки , которые огорчили , первая и самая важная то почему под куполом есть ветер , если его в принципе при приближенных к данной ситуации обстоятельствах не должно быть ! Остальные я думаю вы и сами заметили !","2014-09-21T21:22:59+03:00","negative"
"129","Ребят, сам сериал и норм. НО по сравнению с книгой это просто кал.
Посмотрев первую серию там сразу намутили что-то с чем-то, я люблю спойлить, но как ты поспойлишь когда с первой серии начинается то, чего в книге и в помине не было. 
Читайте книгу.","2014-08-21T14:02:21+03:00","negative"
"130","Первый сезон смотреть было интиресно, хотя были свои минусы. 
Но второй сезон убил своей бездарснотью и дешевизной. Дотянул еле-еле до 5 серии и дальше смотреть желания нету. Особенно убивает игра актера, который играет Фила(бывшего ди-джея на радио).","2014-08-06T13:44:50+03:00","negative"
"131","Ну зачем еще 2 сезон снимать ? И одного бы хватило а так растянули и получилось хрен знает что !!! Лучше почитайте )))) Не стоит смотреть и тратить свое время .","2013-12-28T22:51:35+02:00","negative"
"132","Не думал что напишу отзыв, то с каждой серией желания становилось все больше и больше, и вот все таки терпеть дальше нельзя. Сразу скажу, книгу я не читал и оцениваю сериал исключительно как самостоятельное произведение. Итак:
1) Режиссура. Отвратная режиссура. И это не удивительно, ведь за первый сезон состоящий из 13-ти серий, над сериалом работало 12 режиссеров. Вы вдумайтесь только, это практически каждую новую серию снимал другой человек. Связи между сериями мало, кроме как в сюжетных поворотах, которые сами по себе отвратительны, но до этого мы еще дойдем. 
2) Сценарий. Он вообще заставляет тебя удивляться и задумываться о вменяемости сценариста каждые 4 минуты так точно. Абсолютно не логичные действия персонажей и вообще эко система под куполом абсолютно не продумана, да и черт с ним, ""схавают"".  И опять же, за первых 13 серий над сериалом работало 14 сценаристов.
3) Актеры. Уверен, вы все не вперые видите большинство актеров снимающихся в ""куполе"", однако такую отвратительную их игру - впервые. Иногда создается впечатление что режиссер просто набирал смс в момент съемки очередного дубля, а сами актеры играли с мыслями ""похер, схавают"". 

Не буду говорить ничего об саундтреках, операторской работе, костюмерах и прочих аспектах, они просто есть: ничем не отвратительны и ничем не привлекательны.  

Как итог: Отвратительный сериал, который живет только на имени создателя - Кинга, ну и на хорошем маркетинге. 

Оценка: 3 из 10.","2014-07-23T14:16:15+03:00","negative"
"133","Книгу не читал.Посмотрел до 3 серии 2 сезона за 2 дня.Сериал очень понравился.Рад видеть в нем Дина Норриса.Полюбил этого актера после ""Во все тяжкие"" (до этого не знал).Не знаю,на сколько не соответствует сюжет сериала написанному в книге,но (все равно во многом спасибо Кингу) интрига есть,при чем руку Кинга узнаешь сразу.Ляпы,конечно есть.Но в целом реально классный сериал.С нетерпением жду продолжения - подсел.Главное не затягивать!","2014-07-18T18:03:36+03:00","positive"
"134","Кінга люблю за його суперові книги. Там присутня логіка вчинків персонажів у ситуації коли навколо трапляється якась невєдома фігня.
А серіал.. Перші серії ще можна дивитися. А потім почалося... 
Через нестачу чогось ліпшого глянула весь перший сезон. Вірішила, що на цьому і закину. Але падлюки-создатєлі )) як завжди скінчили на самом інтєрєсном мєсте!
На моменті в першій серії другого сезону, коли жінка з простреленою (тіко вчора!) легенею кинулася у воду і почала пливти, щоб урятувати якусь дівчину, моя витримка дала збій. Навіть не допомогла любов до Кінга і Спілберг у титрах. 
Так знущатися над здоровим глуздом ніхто не має право!","2014-07-16T19:01:13+03:00","negative"
"135","С каждой новой серией маразм в сюжетной линией только закручивается. Насколько крутая книга, но сериал сделали ужасный. Зачем нужно было добавлять свои ""идеи""??","2014-07-12T18:10:44+03:00","negative"
"136","Дотерпела до 12-й серии. Всё!!! Больше не могу!!! Как он мог позволить так перепаскудить своё произведение?!! БРРР! Трэш!","2014-02-07T00:49:29+02:00","negative"
"137","Решился на просмотр сериала из-за ожидания выхода любимых сериалов. Посмотрев 2 сезона, я ни чуть не пожалел о просмотре данного сериала и теперь сериал попал в список любимых.","2014-09-25T22:09:42+03:00","positive"
"138","Книга мне понравилась больше. Немножко раздражает что сюжет совсем другой. Но если не брать это к вниманию то сериал понравится","2014-09-24T17:19:33+03:00","positive"
"139","Начало заинтриговало и впечатлило. Сериал по Кингу нельзя было оставить без внимания (хотя ""Хейвен"" не впечатлил, я продолжала надеяться). Первый сезон заинтриговал началом, но чем дальше в лес, как говорится.... короче говоря, худо-бедно досмотрела)
Второй уже в самом начале показался слишком трешовым. Решила прочитать книгу, ведь столько положительных отзывов. Вот тут все эти рецензии попали в цель. Книга меня заворожила. Но, увы, в ней мало общего с экранизацией(  События во многом изменены, персонажи..они оставили себе только имена. В сериале слишком много ""соплей"", и это раздражает, чего не скажешь о книге.
Единственно, чем себя успокаиваю, так это то, что в нете встретила статью, в которой говорилось, что Кинг решил изменить события, что бы читателям не было скучно. Теперь то уж точно никто не знает, чем закончится пребывание Честерс Милла под Куполом. По это й причине я даже досмотрю всю эту Санта-Барбару... на перемотке).
В целом, ничего особого, ничего знаменательного. Поклонникам творчества Стивена Кинга к просмотру рекомендую исключительно в ознакомительных целях)","2014-08-26T22:51:02+03:00","negative"
"140","Начиная смотреть этот сериал думал что так себе.Но когда посмотрел вторую серию.То ждал продолжение.Хороший как по мне сюжет и игра актеров.Так что жду продолжения.Надеюсь что оно будет","2014-09-24T13:12:01+03:00","positive"
"141","Сериал супер. Захватывает с первой серии и держит в напряжении до самого конца. Рекомендую посмотреть его всем.","2014-09-13T13:40:12+03:00","positive"
"142","....не люблю сериалы, но дети мои подсадили на просмотр...увлеклась и тут же после 10серии второго сезона...расстроилась..ГДЕ ПРОДОЛЖЕНИЕ? ТРЕБУЮ ПРОДОЛЖЕНИЯ....","2014-09-08T00:21:29+03:00","positive"
"143","Еще один шедевр в стиле падающих небес и просто самого лажового сериала Сотня
первый сезон ниче еще-хотя сопливость немного есть и лезби с соплями раздражают-уже б клевых баб взяли, где они берут электриество и самое важное откуда берется ВОЗДУХ????
НО ВТОРОЙ СЕЗОН(((","2014-09-05T18:49:11+03:00","negative"
"144","Хороший сериал,нормальна игра актеров,интригуюший сюжет
временами нудновато но в целом гараздо лутше чем остальные сериалы
Оценка 9 из 10","2013-08-10T21:43:06+03:00","positive"
"145","Сериал просто шикарен, не смог от него оторваться 2 дня, пока его не досмотрел))
Жду 3 сезона, прочитал в интернете что будет в 2015 году, очень жду...","2014-08-11T13:20:55+03:00","positive"
"146","Треш верхом на трешаке и трешаком погоняет !!!!
Давно не видел такого грёбанного необьяснимого мыла.
А как легко избаваились, от многих персоонажей, которые были типа важны в первом сезоне (актёров, которым видимо недостаточно платили за такой позор) !!! Просто муть !!!","2014-07-31T14:07:53+03:00","negative"
"147","Терпел,смотрел,думал хоть в конце станет интересней,но чуда так и не произошло.Кинг конечно подкачал.Эту муть даже начинать смотреть не стоит,а откуда больше двух тысяч лайков вобще не понятно разве что после просмотра трейлера отметки ставили.Друзья не стоит тратить время даром, даже если вам нечем занятся и все просмотрено ибо это ахинея еще та.","2014-02-09T01:04:49+02:00","negative"
"148","Опять таки, книга лучше сериала. Нельзя сказать, что это провал, нет конечно же.Но много не состыковок с книгой, возможно это авторская задумка. Было немного пресновато и скучно моментами, хотя в целом это наверное 6 из 10.","2014-01-13T17:14:29+02:00","positive"
"149","ТАКОГО бреда, я еще не встречал в мировом кинематографе. На протяжении 13 серий зрителю морочат голову бредовыми соплями и мифическими американскими ценностями, а в итоге ""не о чем"". В кождой серии нам подкидывают новые тайны, но сериал обрывается на полуслове и зрител не узнает ни одного ответа.","2013-12-05T21:11:12+02:00","negative"
"150","Екранізації, зазвичай, набагато гірші за книги, але не цього разу. Судячи з пілотної серії, Кінґ ще не скоро піде на заслужений відпочинок.)","2013-07-01T00:14:27+03:00","positive"
"151","в этом сериале масса ляпов, посмотрел 1й сезон и после 1й серии 2го сезона понял, что больше не хочу его смотреть","2014-10-06T11:14:49+03:00","negative"
"152","Пытался досмотреть последнюю серию, но так и не смог. Плохой сериал, плохой во всем.
Уже даже не интересно чем все кончиться.","2014-10-01T12:54:18+03:00","negative"
"153","Идея хороша, поэтому и стал смотреть. Сначала воспринимал режиссуру этого сериала как комедию, иначе психика начала бы просто ломаться, но затем становилось все тоскливее и более удручающе. Как можно вкратце охарактеризовать этот шедевр? Очень просто: по основным моментам и идеям сценаристов. 
Заключение простое: кто любит поулыбаться над человеческой (американской) тупостью, давайте досмотрим этот шедевральный сериал!","2013-10-24T19:17:09+03:00","negative"
"154","Сериал очень захватывающий!!!Намного интересней книги!!!!Советую всем смотреть!!!С нетерпением жду следующей сезон!!!","2014-10-08T22:30:27+03:00","positive"
"155","тут многие пишут, что сценаристы просто ужас...но никого не волнует, что Стивен Кинг и есть сценарист этого сериала!мне сериал понравился)","2015-09-18T19:30:28+03:00","positive"
"156","Единственное что мне не понравилось- концовка. Либо я не догадливый, либо создатели криво придумали.Но к моему большому удивлению хотелось смотреть на одном дыхании. Жаль только, что времени не хватало.Сериал супер, резкие повороты сюжета, сам сюжет, отличная игра актёров, спец-эфекты- всё это есть в этом сериале.Рекомендую!","2014-11-16T18:09:19+02:00","positive"
"157","Довольно не плохой сериал, чем то цепляет. Ну как по мне он рассчитан для подростков где-то до 16-ти лет. Уж очень сильно  в сериале детишки фраеруют. Но всё таки посмотреть можно.
Самый крутой персонаж - это конечно же Большой Джим Ренни, он просто красава, самый прохаваный, хитрый и умный человек, остальные как Барби, Рыжая падруга та и в основном все тёлки это самые настоящие ТП!","2016-03-18T20:34:34+02:00","positive"
"158","Книгу ""Під куполом"" прочитав за 4-и дні, так ""затягнула"", неможливо було відірватися, навіть вночі читав)) А ось серіал; повний капець! Подивився три серії першого сезону... далі не вистачило терпіння і бажання дивитися на відстійну гру акторів і тупий сюжет, особливо мене ""бісила"" ця руда журналістка...///
 Один з найгірших американських серіалів останніх років.","2016-01-28T19:07:44+02:00","negative"
"159","Первые два сезона затягивали и заинтересовали но третий сезон это полный бред!Нет желания и интереса уже последние серии смотреть! Перекрутили много!","2016-01-25T17:14:31+02:00","negative"
"160","Первый сезон посмотрел класс втянуло, вперло, ждал с не терпением второй сезон, дождался! Тоже не плохой, но и тут когда вышел третий сезон-финальный после второй серии уже было понятно что херня полная( кто там курнул так что бы такое придумать, я в шоке. Короче говоря смотреть можно первый и второй сезон и всё.","2015-12-09T19:33:09+02:00","positive"
"161","Интересно что сам Стивен Кинг думает о данном продукте? С таким количеством нормальных  кинодеятелей, снять такой треш ...  Если была задумка ""слить"" Стивена Кинга то она удалась. Оцениваю этот продукт на 1 из 10.
Третий сезон откровенно ВЗБЕСИЛ (это мягко выражаясь) вкрай отупевшими главными героями и мега-ляпами.
Не понимаю тех кто пишет что фанатам С. Кинга сериал понравиться. Читать книгу после такого даже не стану.","2015-10-18T22:31:04+03:00","negative"
"162","Ох уж этот Стивен Кинг как, что то придумает... В принципе книги всегда отличаются от своих экранизаций. Хорошо, что пока не много серий, а то я бы не выдержал, хотя неизвестно сколько будет еще сезонов и будут ли вообще. Главный герой, бывший военный, всем понравится, хотя имя для мужика смешное - Барбара. Много убийств, смертей, любви, даже нетрадиционной, ну и конечно фантастика-фантастика. Но триллер получился очень драматичный. Первый сезон самый захватывающий! Оценка 8/10.","2016-02-11T22:48:35+02:00","positive"
"163","БРЕД! 
Начал смотреть чтоб убить время... Начало вроде норм, но потом начинается бог знает что!
Первое и самое главное когда появился выход причем проверенный почему не вывести всех??????
 А когда появилась непонятная НЕ РОЗВЕДАНАЯ до конца дыра в земле весь город спокойно пошел.... 
 Второе это постоянное появление какихто персонажей которых вначале небыло....
Занимаются херней типо роследование дел вместо того чтоб организовать план действия по спасению и дальнейших действий 
Постоянная реклама машины тойота на електро движке которой пох на все и она постоянно без царапин , и нахера заряжать постоянно машину трать енергию если в больнице нету света ***....
Смотри комент МикиМауса... он четко описал тупое поведение людей во время кризиса...
И МНОГОЕ ДРУГОЕ.....","2015-09-09T09:56:37+03:00","negative"
"164","вот это сериал!!! даже представить не можешь что бутит дальше, стока поворотов, особенно 3-сезон, и токо досмотрев понимаешь суть что к чему стоит того!!! И хоть от книги отличяется, мне сериал больше понравился!","2015-08-12T11:10:23+03:00","positive"
"165","В самом начале сериал показался, очень даже ничего, я даже поставил на эмоциях положительную оценку... НО... Чем дальше, тем сказочнее и абсурднее... С трудом себя заставил посмотреть первые две серии второго сезона и думаю это предел... Сериал наверно больше рассчитан для подросткового периода )","2015-07-30T20:05:55+03:00","negative"
"166","книгу не читал, может поэтому 1-й сезон понравился, 2-й тоже не плохой, но 3-й это уже какая то сказка, посмотрел до половины 4-й серии, на большее меня не хватило, дальше смотреть не буду.","2015-07-24T20:20:05+03:00","negative"
"167","Это просто ужас какой-то))))  Первых пару серий еще интересно было смотреть , ожидался интересный сюжет, но все настолько закрутили и запутали, что смотреть стало просто невыносимо. Потерялся всякий смысл, связь. Режиссеры совершенно бездарные. Куча ляпов, никакой последовательности. Такого дебилизма еще поискать надо. Выдумывают уже все подряд, набор всего что угодно с других фильмов и сериалов. КАТАСТРОФА!","2015-03-21T22:21:37+02:00","negative"
"168","Сериал действительно крутой, очень интересный и всегда есть интерес посмотреть следующую серию. Если вы любите фантастику и детектив с элементами драмы то смотреть в обязательном порядке ну, а если вам не нравятся немного затянутые скучноватые сериалы или фильмы то можете посмотреть ради сюжета здесь над ним хорошо постарались. 

Я ставлю 9/10","2015-03-29T22:36:43+03:00","positive"
"169","Это не ""Купол"" Кинга, это какой то фуфел сопливый. Нахрена это дерьмо назвали ""Куполом""? Ничего общего с книгой кроме имён персонажей.  Назвать надо было ""бред сценаристов"", было бы честно.  Кто книгу не читал, и желает время просадить, пожалуйста. Не надо было его ""Куполом"" называть, ой не надо.","2015-08-28T13:24:55+03:00","negative"
"170","Это шутка??!! Такую концовку ни кто себе не позволял! Самого главного в 1 сезоне не показывают, а 2 еще не вышел! Бесит жутко, неужели создатели думали что это интрига? Это не справедливость, а ни интрига!","2013-10-21T01:48:02+03:00","negative"
"171","В этом фильме на жуткую бессмысленность наложились третьесортные актёры из сельскго театра и недоработанный сценарий.

Ужасный примитивизм, уровень российского кинематографа.

Кинг умеет красиво излагать, поэтому, когда читаешь - увлекаешься, но смысла, если посмотреть в общем - ноль.

Вот почему экранизация его фильмов всегда набирает низкие балы по рейтингу IMDB или kinopoisk (кроме ""зеленой мили"").","2014-10-14T21:41:04+03:00","negative"
"172","Если быть честным, то с точки зрения, как фаната сериала ""Во все тяжкие"", это полный отстой, у каждого конечно своя точка зрения, но я даже первый сезон не смог досмотреть, сюжет разтянутый, много воды, игра актеров как будто исскуственная - абсолютно не внушает  доверия, моя оценка 2 из 10.","2014-08-02T01:22:42+03:00","negative"
"173","Ну и бред... Больше 3 серий просто не осилил. Меня злит что убил несколько часов, вот и все. Самый впечатлительный момент, это когда корову куполом пополам перерезало =)","2013-12-16T21:07:51+02:00","negative"
"174","Очень хороший фантастический сериал интересная развяска сюжета смотрю с удовольствием интересно чем всё закончится","2013-11-02T23:17:21+02:00","positive"
"175","IMHO

хватило на 5 мин! так как кал редкостный, нет игры актеров и как по мне сюжет совсем не о чем!!!!!!!!","2013-09-10T01:24:38+03:00","negative"
"176","Сразу скажу - книгу не читал.
Сериал ооочень не понравился. В первую очередь сценарием. Задумка классная, однако реализация ее... Ну не ведут себя так люди в ситуации когда они отрезаны от внешнего мира! Ето касается и главных героев и просто поведения всех людей! Все диалоги ужасно натянуты, герои тупо забывают события двухдневной давности, не умеют думать и задавать вопросы (не хочу спойлерить и приводить примеры). Отдельно хочу сказать об игре актеров.. Практически все лица главных героев абсолютно статичны и неестественны. Сериал просмотрел первый сезон пока был на больничном)) Общее впечатление - дешевая экранизация фильма по Стивену Кингу, коих огромное множество. Вообщем, если вы сильно вникаете в сериал - можно смотреть, а если любите анализировать и думать над сюжетом - настоятельно НЕ рекомендую.","2013-10-09T15:34:52+03:00","negative"
"177","Просмотрела весь сезон, если честно по Кингу не все читала, но все смотрела. Это худшее из того что я видела. Я заставила себя досмотреть сезон, надеясь на на то что будет еще интересно, но увы(. Из сериалов по Кингу понравилась только Потеряная комната, говоря о фильмах - любимое  - это Мгла. 4/10","2013-09-23T23:07:24+03:00","negative"
"178","Если не читал книгу, сериал хороший!
Если смотреть после прочтения - то от книги осталось: купол, часть действующих лиц, город.
Остальное как-то плоско, непонятна сама суть происходящего.
Ну и игра актеров - сори если кого из любителей обижу - это как в ""Прокурорской проверке"", игры в принципе никакой.
Затянуло только тем что уж больно хочется досмотреть во что превратится отличная книга не экране!!!","2013-09-23T12:31:38+03:00","negative"
"179","Понял одно..читал книгу не смотри сериал, так блин, раз читал нах смотришь?
мне лень читать, я смотрю и наслаждаюсь, чо вы портите общую картину?)","2013-08-08T09:26:27+03:00","positive"
"180","серіал класний))
але там в кожній серії хтось помирає...і переважно в кінці...
ххаа..він бачу закінчить тоді коли всі помруть)","2013-08-05T13:12:11+03:00","positive"
"181","Сериал так себе, один раз посмотреть можно. В некоторых моментах довольно угадываемый сюжет. Но хуже всего то, что при оглавлении, что сериал ""закончен"", на самом деле окончания в нем нет... Как было сказано в старой пословице: ""Танцевал, танцевал  и не поклонился...!"" Из-за такого окончания ставлю ""минус""","2015-02-10T22:20:48+02:00","negative"
"182","Слишком много сентиментальщины, слишком мало здравого смысла. Стивен Кинг сдаёт позиции, или же очень редко посещает съёмочную площадку. А зря...","2013-07-24T16:47:52+03:00","negative"
"183","Я очень люблю сериалы формата SciFi, но это полный отстой и потраченное время. То что в сериале куча бредовых моментов я не обращал внимания ради концовки. но финал сериала это редкостный бред. Не тратьте время. Смотрите хорошие сериалы и кино.","2015-01-19T17:58:03+02:00","negative"
"184","ужасный сериал может первая серия норм ну след  бред бредом 
пародия на Остаться в живых (телесериал) оценка -1","2014-08-08T14:15:38+03:00","negative"
"185","Да, начало было оооочень многообещающим, но последние серии три как то сошел интерес, а последняя серия и вовсе разочаровала. Снимаю свой плюс. У Кинга так часто, задумка стоящая, а воплощение посредственное.","2015-02-12T16:43:28+02:00","negative"
"186","Первый и второй сезоны еще куда ни шло,но 3 меня разочаровал однозначно,все плохо начиная от спецэффектов,костюмов и грима,которые выглядят до ужаса убого и не грамотно сделано,заканчивая игрой актеров,которая стала неестественной,что ле.Начиналось все с 10 баллов а сейчас 3 и то с натяжкой.Аж не могу смотреть дальше,убивает грим!в начале 3 сезона где Джуниор в пещере в белой футболке на месте выстрела(ему попали в плечо и в футболке должна быть дырка)просто пальцем намазано красной,даже не цвета крови,краской!!Ну что это такое?И это только малое из того что я заметила.","2015-07-19T13:39:25+03:00","negative"
"187","переврали и передрали книгу, причем местами. конец вообще ""неочем"". столько времени потратил на эту альтернативную реальному сюжету муру.","2015-02-17T19:52:27+02:00","negative"
"188","1 сезон норм зачет оригинальность сериала заинтриговала было интересно смотреть
2 сезон ка кто заежджено сериал исчерпал себя было бы разумно на этом закончить
3 сезон уже бред полный 

3 сезон осилил пару серий и перестал смотреть","2015-10-10T09:12:30+03:00","negative"
"189","Ужасно плохой сериал. Если первый сезон смотрел ещё хоть с каким то интересом, то дальше это просто бред. Ничего общего с книгой практически нет. Такое ощущение, что сценаристы работают на ходу. Игра актёров иногда оставляет желать лучшего. Спец эффекты особенно под конец настолько ущербные, что смотреть становится уже совсем смешно","2015-09-29T17:53:44+03:00","negative"
"190","Кто подскажет альтернативу ФСу? фс себя изжил, нормально работает только реклама, все остальное вечно тупит...","2015-09-05T19:13:34+03:00","positive"
"191","Мені вистачило лише однієї серії,щоб скласти враження про цю горе-екранізацію
Мене,як поціновувача Кінга,негативно вразив серіал з першої ж хвилини.Підбір акторів на деякі ролі поганий,а сюжет занадто переінакшили.ЗАНАДТО
Загалом,якщо ви книги не читали,то можете без сумлінь починати дивитись цей серіал,а якщо вам після прочитання книги захочеться подивитись,що з цього вийшло на екрані,то скоріше всього ви розчаруєтесь
Прикро.","2015-08-01T16:47:04+03:00","negative"
"192","Первые 2 сезона более менее нормальный сериал , а вот в третьем началась такая мыльная ахинея, что смотреть даже противно((","2015-08-16T03:00:37+03:00","negative"
"193","Актеры ни какие, игра ужасная (как минимум сильно переигрывают), молчу уже про саму бредовость сюжета.","2015-07-07T18:10:58+03:00","negative"
"194","Какая-то примитивная муть. Набор всех штампов и пороков некачественных сериалов.
- появление из неоткуда новых героев в новых сезонах и очень скоропостижная кончина старых изживших себя персонажей несмотря на их ключевую роль в прошлом
- Полно раздражающих мелочей.
- неадекватные реакции героев
- надуманная интрига
- бездушная и безинициативная массовка.
Что это вообще ? Не покупайтесь на Дина Норриса.. Он хорош, но он один не стоит этого потраченного времени","2015-06-28T02:54:53+03:00","negative"
"195","Досматрива сериал с большим трудом. Ближе к концу он превратился в полную ахинею, реплики героев пустые и тупые, наворотили все в кучу что только могли и даже квантовую механику приписали, что есть утопия. Последние серии просто маразм. Я книгу одолел до половины давно еще, но не удивлюсь если и по книге  навалено столько чуши в кучу. Че только нет и мистика. и ожившие мертвые, и чревоточины, и квантовая механика, и космос с разумными метеоритами! Разумный метеорит, который волнуется за жизнь когото там-ахинея.","2015-06-25T13:50:18+03:00","negative"
"196","Досмотрел до 30:44 первой серии и понял, что экранизация - полное г..вно! Единственная схожая мысль с книгой - это название города и то, что он под куполом! На этом сходство закончилось!
Людям, которые прочитали книгу и думают, стоит ли смотреть сериал, посоветую НЕ смотреть сериал.
Мое личное мнение - просто провал. С другой стороны, можно, конечно, попробовать рассматривать этот сериал в качестве какого-то другого сюжета и не привязываться к книге - тогда, теоретически, можно получить удовольствие от его просмотра!
Ну а моя личная оценка - 0!","2015-06-19T14:30:13+03:00","negative"
"197","Зазвичай пишу коментарі  тільки до серіалів, які мені сподобалися, але тут зроблю виключення.

Початок був цікавим та інтригуючим, проте чим далі, тим більше з""являлося в сюжеті різних нісенітниць. Перераховувати не буду, самі побичили/ побачите. Да, і, до речі, акторка, що виконує роль сестри головного героя просто НІЯКА. 

Загальне враження 5/10.","2015-05-17T22:11:13+03:00","negative"
"198","Я ""сериаломан""
Просмотрел очень много шедевров и разумеется откровенного говна.
Этот вошел, я бы даже сказал ворвался в мой личный топ из серии ""говна"". Вместе с еще двумя подобными ""шедеврами"", они делят почетное первое место.

Приятного просмотра;)","2015-03-06T03:58:28+02:00","negative"
"199","Многие пишут в коментах,фильм отстой,книга лучше и т.д.Но лично я читать не особо люблю,да и времени на это нет.И все произведения Кинга смотрю только в кино.
Да и что сравнивать книгу и фильм?Это тоже самое что сравнить колу с пепси,каждому свое.И естественно после прочтения книги фильм будет казаться хуже,когда ты представлял героев и все что их окружало по иному,а тут все иначе.
Короче говоря,я всем всегда советую,сначала смотреть фильм и только потом читать книгу.
Мне сериал нравится!","2013-08-25T03:42:41+03:00","positive"
"200","Хороший сериал!!! Хорошо снят и артисты стараються.Сейчас трудно говорить о  популярности этого сериала...Пока ...первые две серии обнадеживают...как мне показалось события  довольно  легко предсказуемы..Пока  ничего  такого сверестественного Буду смотреть и дальше сериал...пока оцениваю сериал как  9 из 10.сериал в какой то мере держит при просмотре в напряжении . Удачные сьемки, неплохие спецэфекты вносят какуе то свежую струю в фильме.","2013-07-03T02:35:35+03:00","positive"
"201","Очень понравился сериал,как 1 так и 2 серия,жду следующих,(Кубик в Кубе не изменяю=)...)    кстати когда они будут??","2013-07-08T18:07:35+03:00","positive"
"202","три серии посмотрел. ничего не произошло. никаких ответов. да и загадок новых никаких по сравнению с первой серией. разочаровался.","2013-07-11T20:48:11+03:00","negative"
"203","на второй серии начал перематывать. третью смотреть не стал. скучно.
город, купол, воду пропускает, дым задерживает, статическое электричество. никто не ищет источник в геометрическом центре сферы, только беспризорный школьник чёто пытается измерить.
сериал будет провальным.","2013-07-12T01:42:12+03:00","negative"
"204","Первая серия заинтриговала, но вторая вообще ни о чем. Почитал, что и другие разочаровались, третью серию не стал смотреть...","2013-07-14T17:18:42+03:00","negative"
"205","Ох и муть! Книгу не читал, первая серия была еще ничего такая, но потом... Тупость актеров, затянутость сюжета, плохая игра. Еще и каких-то стремных лезбух в сериал притащили, и в каждой серии реклама Windows... Скорее бы вышли новые серии таких сериалов как ""Во все тяжкие"" ну или хотя бы ""Ходячие мертвецы"" (где тупость актеров не меньше, но хотя бы интересно смотреть), а то смотреть уже нечего.","2013-07-23T23:55:41+03:00","negative"
"206","Интересный сериал! Я сейчас на 6-ой серии и есть еще надежда на хеппи энд, но зная дедушку Кинга... да, его не будет! По-моему, Кинга лучше читать! Для того он и пишет, чтоб читали! Но я,    все же, досмотрю! Заинтриговал!","2014-03-30T01:15:09+02:00","positive"
"207","По началу заинтриговал, к тому же Кинг! но... потом - интерес потерялся, актеры оставляют желать лучшего, затянуто все как-то, короче отстой! Книга в 1000 раз лучше!!!","2013-10-10T13:57:41+03:00","negative"
"208","Посмотрел 2 серии, так как закончились мои любимые декстер и во все тяжкие. Сериал -  сказочка для подростков. Очень слабый. Сразу скажу, что книгу не читал. Кинга в принципе не люблю.","2013-10-13T01:25:37+03:00","negative"
"209","Поначалу было интересно, но после 9й серии я понял что это бред, и досмотрел до конца в надежде что это последняя серия и больше не будет, но оказывается что это только первый сезон, да ну его нафиг. Народ смотрите ""Внешние пределы"" вот там сюжетики ядовые","2013-10-18T00:04:17+03:00","negative"
"210","Сериал полная лажа. Очень растянут и не уместен. За это время я мог прочитать книгу и не тратить его в пустую. Не рекомендую к просмотру. Причем просмотрев 2 сезона по 13 серий он так и не закончился и его продлили на 3 сезон который выйдет летом 2015, вообщем буду читать книгу и забиваю на сериал, что вам и рекомендую сделать!","2014-12-05T01:28:20+02:00","negative"
"211","2й сезон просто бред , первый сезон можно было еще смотреть хоть как то , но второй просто невозможно =(","2014-12-08T21:43:55+02:00","negative"
"212","Это самый ужасный сериал, что я видел, сюжет настолько высосан с пальца, дальше некуда.
Мне кажется сценаристы сами не знали какого сюжета хотели, герои сами не знают на какой они стороне, и...маразм крепчал. Досмотрел только от того, что интересно было узнать, до чего же этот маразм докатился","2014-12-26T21:02:43+02:00","negative"
"213","Если хотите получить кайф от захватывающего интересного сюжета, с весьма свежими идеями и характерными персонажами - НЕ смотрите этот сериал :) Читайте книгу Кинга :)

Сериал ОЧЕНь слаб; каждая серия - как трейлер к самой себе. Герои получились набросками, поступки нелогичными, развитие сюжета - скомканным и смазанным - в общем, с книгой ничего общего. И если даже забыть о том, что это крайне неудачная экранизация, а представить, что это самостоятельный сериал - на фоне десятков добротных сериалов, которые сейчас снимают, да и массы старых, этот сильно хромает.","2015-05-01T19:02:19+03:00","negative"
"214","Вот книгу читать не стал бы... Тратить время на чужое испражнение ума, не несущее в себе какое-то полезное зерно истины, способствующего просветлению, либо опыта, пригодившегося в жизни...

А вот сериал посмотреть можно, особенно после бурного дня жизни в мегаполисе, хотелось бы оказаться где-нибудь под куполом в живописном забытом городке, где-нибудь в Аризоне... 

Вобщем, высосано из пальца, но на лысого чувака из breaking bad просто приятно смотреть, этот его сынок - мусор, очень похож на сына зеленого профессора из человека - паука, у него та же роль и образ, вечно в тени славы своего отца, на грани между сумашествием и героизмом и мужеством. Барби подобрали по архетипу и образу Пола Уокера, за ним уже скучает зритель, та же коричневая футболка,джинсы и ботинки, скулы ,блондин, голубые глаза глаза рубаха-парень , любовь всех телок,с стремным прошлым и надломом, ну и, конечно на рыжую красавицу-журналистку приятно смотреть... 3/5","2014-09-19T01:46:14+03:00","negative"
"215","Сериал понравился, вот только концовка уж слишком не доделана!!! как по мне-нехватает еще хотя бы одной серии!","2014-04-16T21:10:52+03:00","positive"
"216","Мне это напоминает мультфильм ""симпсоны в кино"" Идея хорошая и снято неплохо, советую всем любителям жанра.","2013-07-30T18:02:52+03:00","positive"
"217","Начинал смотреть с мыслью, что будет как всегда затянуто... но затянуло, жду следующих серий! 9 из 10","2013-07-28T17:41:31+03:00","positive"
"218","люди я прошу прощение, но как можно оскорблять С.Кинга...идите смотрите свой бред, 100% поддерживаю людей которые шарят в таком крутом жанре , не обессудьте но идите смотрите аниме !!!!!!
Всем спасибо поклонникам Кинга а все остальные просто ЧЕРТИ!!!!!!!!!","2013-07-25T02:16:28+03:00","positive"
"219","прочитала книгу, очень ждала экранизации. Первая серия впечатлила, пока все соответсвует книге и очень хорошо снято. Подбор актеров не впечатлил, но журналистка очень даже молодец. Дальше посмотрим)","2013-07-01T23:34:25+03:00","positive"
"220","Звезда сериала ""Во все тяжкие"" - свояк W.W. Хэнк Шрейдер, да еще и пилот вертолета из ""Lost""... Чувствую еще один восходящий мегасериал.  Пилотная серия смотрится на одном дыхании, ждем следующих.","2013-06-26T22:33:18+03:00","positive"
"221","Только закончил читать книжку. Нудноватой показалась. Может фильм поживее будет. Интересно как они смогут экранизировать финал. Пиротехники должны постараться. Если бы сделали фильм по его роману ""Бессонница"", то это действительно был бы ""вынос мозга"".","2013-06-27T23:00:23+03:00","positive"
"222","Отзыв писал не польстившись на 1-ю серию. Ну, снято не плохо, соглашусь... Но, ппц, как всё наивно и далеко от реальной жизни. Некоторые сцены натянуты и притянуты за уши, шо яйца ко лбу. Я уверен, хвалебные оды - это от людей, которым максимум до 30 лет и которые без понятия, что и как в государстве функционирует, и знают о взаимоотношениях людей только по инету.  Люди, кто отличает Баха от Фейербаха и эрудирован от Эдиты Пьехи до ""пошёл ты на ..."" фильм, реально, будет не интересен.","2013-07-03T21:38:19+03:00","negative"
"223","Посмотрел одну серию, и не могу понять почему просто подкоп не сделать ?
если купол упал, а не появился, то можно подкоп  сделать!  меня бесит. Может кто понял объясните .","2013-07-23T20:53:57+03:00","negative"
"224","Так половина героев же переделана!! Чем им не угодили персонажи с Кинга? Барби например был бомжом, а здесь крутой мен. И где грузовик который на полном ходу втаранивается в ""стену"" после самолета?","2013-06-30T09:22:20+03:00","negative"
"225","отличный сериал, Кинг не подкачал :)","2013-06-26T11:55:47+03:00","positive"
"226","Книга просто супер,і серіал має всі шанси стати шедевром.","2013-06-29T14:35:36+03:00","positive"
"227","Он афигенен,бесподобен,надеюсь незапорят и дальше!","2013-06-28T23:33:58+03:00","positive"
"228","откуда у них ветерок ?","2013-08-17T02:41:50+03:00","positive"
"229","Сценаристы фантазеры. Лучше читайте книгу.","2013-08-05T20:04:31+03:00","negative"
"230","очень слабо снято, второсортный сериал","2013-08-01T21:56:11+03:00","negative"
"231","Интересно что же будет дальше.","2013-07-04T23:22:46+03:00","positive"
"232","Отличный сериал!!! Начало многообещающее. Идея вроде неплохая - будем смотреть. Общая оценка: 9/10.","2013-06-26T23:08:13+03:00","positive"
"233","Надеюсь не запорят сериал по Кингу, как запороли ""Хэйвен""","2013-06-25T21:36:58+03:00","positive"
"234","скучновато для сюжета по кингу (","2013-08-27T13:10:54+03:00","negative"
"235","Первая серия понравилась.","2013-06-26T21:38:09+03:00","positive"
"236","Читайте книгу, і потім буде цілком адекватна оцінка серіалу....","2013-07-01T02:52:11+03:00","positive"
"237","Сериал понравился.","2013-07-13T23:17:25+03:00","positive"
"238","Вообще-то, я не очень люблю сериалы, но этот мне очень понравился ! рекомендую к просмотру !","2013-07-30T11:04:31+03:00","positive"
"239","Похоже на шестой серии, сериал начали сливать.Еле досмотрел.А всё так неплохо начиналось.","2013-08-03T03:38:11+03:00","positive"
"240","Не без ляпов, но, в целом, очень приятный сериал. Просмотрел 5 серий в один заход и хочется еще","2013-08-04T22:59:59+03:00","positive"
"241","не шедевр конечно, но хорош сам по себе","2013-08-25T12:55:00+03:00","positive"
"242","лучше прочитать книгу...","2013-10-17T23:54:47+03:00","negative"
"243","сериал норм.","2013-10-21T19:58:50+03:00","positive"
"244","Стоящий!!!!","2013-10-28T23:33:56+02:00","positive"
"245","сериал не плохой)  смотреть можно)  но когда продолжение? кто то в курсе?","2014-01-27T23:41:46+02:00","positive"
"246","Классный сериал","2014-02-02T21:52:35+02:00","positive"
"247","Понравилась 1 серия 2 сезона, сюжет классный","2014-07-02T17:48:28+03:00","positive"
"248","Просто посмотрите и вы будете рады)))))))","2014-07-28T16:16:16+03:00","positive"
"249","такий норм","2013-07-17T15:12:57+03:00","positive"
"250","Книгу не читал, но сериал хороший, интересный)","2013-08-02T21:43:21+03:00","positive"
"251","Хороший сериал. События интересные и затягивающие","2013-08-02T02:21:27+03:00","positive"
"252","сериал классный, не оторватся очень интересно!интригующие моменты завораживают!!","2013-07-25T16:57:26+03:00","positive"
"253","Офигенный сериал.Жду больше новых серий!!!","2013-07-25T13:41:36+03:00","positive"
"254","По идее должен быть отличный сериал. Пилотная серия выше всех похвал, очень заинтриговали.","2013-06-30T11:28:05+03:00","positive"
"255","красивий і динамічний серіал. З нетерпіням чекаю продовження","2013-07-15T14:31:55+03:00","positive"
"256","супер игра актеров отличная сериал затягивает!","2013-07-11T10:43:37+03:00","positive"
"257","Читав книжку, там буде дуууже багато цікавого ))))","2013-07-05T12:54:05+03:00","positive"
"258","Круто","2013-09-15T17:09:56+03:00","positive"
"259","Многообещающее начало!","2013-06-29T17:29:50+03:00","positive"
"260","первая серия зачет","2013-06-28T18:36:00+03:00","positive"
"261","очень очень офигенный сериал советую 10/10","2013-08-17T18:43:40+03:00","positive"
"262","Нормальный сериал. Да есть моменты затянутые, но в целом очень даже не плохо. Пошёл на ура.","2013-08-29T23:20:34+03:00","positive"
"263","Надеюсь на будущее что это не конец,потому что очень понравился сериал.","2013-10-01T08:51:08+03:00","positive"
"264","Хороший сериал рекомендую","2014-08-27T00:06:09+03:00","positive"
"265","прикольный сериал,не могла оторваться..._))","2013-10-05T22:00:58+03:00","positive"
"266","Много писать не буду!Сериал шедевр,Кинг просто генеален!Режесеру 5+","2015-08-01T15:03:38+03:00","positive"
"267","Отличный сериал! Смотрю с удовольствием каждую новую серию!","2014-09-29T09:39:08+03:00","positive"
"268","непоганий серіалчик!!!!","2014-09-27T13:48:15+03:00","positive"
"269","прикольний!!!!!!!!1","2014-09-26T02:45:47+03:00","positive"
"270","Сериал ну просто класс начал смотреть на одном дыхании,советую всем!","2014-11-30T13:53:07+02:00","positive"
"271","Книгу не читал. Но как по мне, то сериал очень даже не плохой. Стоит посмотреть.","2014-07-19T23:21:43+03:00","positive"
"272","Переглянула першу серію. Враження позитивні. Надіюсь надалі буде ще цікавіше.","2014-06-13T23:25:27+03:00","positive"
"273","чекаю продовження)*","2014-02-22T16:07:17+02:00","positive"
"274","ЛЮДИ читайте книгу!!","2013-11-14T17:28:03+02:00","negative"
"275","курсовая работа.........не больше!
игра актеров и разговоры просто набор слов и сотрясание воздуха","2013-10-11T14:40:32+03:00","negative"
"276","ну ничего себе начало второго сезона, такого я не ожидал 
советую всем","2014-07-04T03:51:40+03:00","positive"
"277","Стивен Кинг он и в Африке Стивен Кинг.
Отличный сериал с напряженной обстановкой !","2013-06-27T11:19:05+03:00","positive"
"278","Пару серій вже подивилась.....Мені цікаво....Незнаю як вам....Хочу знати що буде далі))))))","2014-04-07T14:00:02+03:00","positive"
"279","хороший сериал, только начал смотреть а уже затянул)","2013-12-16T21:55:31+02:00","positive"
"280","сериал отличный! 7 серия задела!","2013-11-21T19:58:07+02:00","positive"
"281","это провал","2013-09-19T17:16:34+03:00","negative"
"282","Сериал не плохой, только большие расхождения с книгой.","2013-08-12T23:35:49+03:00","positive"
"283","Сериал норм. но будет второй сезон((","2013-09-19T00:45:15+03:00","positive"
"284","Блин! !2 серия это не конец!!!!!!!!!!!! Где же развязка?","2013-09-16T23:25:43+03:00","positive"
"285","Зря я потратил только время, на просмотр этого сериала.","2013-08-13T19:28:33+03:00","negative"
"286","Книгу не читал, сериал - нравиться, и ингригует с первых серий!","2013-07-30T16:05:14+03:00","positive"
"287","Підозрюю, що це буде серіал із тих, які не хочеться, аби вони закінчувалися.","2013-06-28T17:49:11+03:00","positive"
"288","а я думал что уже пропадет купол и все будут на свободе))))","2014-08-18T20:32:51+03:00","positive"
"289","интрижка просто пипец какая! сморите не пожалеете!","2014-07-16T21:46:18+03:00","positive"
"290","__Вопрос__ Откуда ветер в куполе =Р","2015-07-23T21:43:10+03:00","positive"
"291","классный фильм,рекомендую","2014-09-24T09:11:41+03:00","positive"
"292","Классный сериал","2014-11-15T19:15:29+02:00","positive"
"293","Книга интересней. Это если в двух словах.","2014-11-17T17:01:23+02:00","positive"
"294","Просто ШикаРНИЙ Серіал!кожну серію дивився з задоволенням!Чекаю 3 сезона)","2015-02-26T12:28:51+02:00","positive"
"295","70% первой серии 3 сезона слепили  с обрывков 1-2 сезона, остальные 30% бред сивой кобылы!","2015-07-01T12:41:56+03:00","positive"
"296","Смотрится как по маслу.","2015-07-09T11:29:13+03:00","positive"
"297","Интересный сериал,всем советую!","2015-07-28T15:50:16+03:00","positive"
"298","Прочитав опис і одразу вирішив читати книгу. Захоплює, Кінг майстер своєї справи.","2015-08-10T10:33:19+03:00","positive"
"299","Мне нравиться, но местами много драматизма и сюжетных приемчиков из бразильских сериалов.","2015-08-13T14:07:53+03:00","positive"
"300","круто. мне понравилось.... 4й сезон ожидаю","2015-09-11T18:53:12+03:00","positive"
"301","ЧЕСНО НЕ ПОНРАВИЛОСЬ, ОЖИДАЛ ЛУЧШЕГО А В ОТВЕТ МНОГО ФАНТАСТИКИ((((","2015-09-13T17:35:56+03:00","positive"
"302","Рыжая баба кумарит.","2015-09-16T03:09:32+03:00","negative"
"303","да стоит того что бы смотреть!!!","2013-06-26T20:51:59+03:00","positive"
"304","Смотрела сериал,читала книгу. и от экранизации и от книги в восторге. то что надо)","2015-11-13T20:13:24+02:00","positive"
"305","Барбі- ти супер... серіал мені загалом теж сподобався, а от кінець-не дуже","2015-10-16T17:49:00+03:00","positive"
"306","Хороший сериал! Очень понравился! Смотрела на одном дыхании!)","2015-10-14T00:03:43+03:00","positive"
"307","Средненький сериал.Книга намного лучше.","2013-08-20T13:37:34+03:00","positive"
"308","Книгу не читала, а сериал очень понравился! Жду продолжения с нетерпением!)))","2014-08-01T08:46:35+03:00","positive"
"309","Ураааа второй сезон. Я уже плесенью покрылся пока ждал его выхода.","2014-07-07T11:19:23+03:00","positive"
"310","Сериал класс, жду 2 сезона , очень жду )))","2014-02-18T22:12:13+02:00","positive"
"311","А мне понравилось!!!!!!!!!! Когда второй сезон?????????","2014-01-04T19:43:54+02:00","positive"
"312","Книгу не читал. Фильм понравился. жду второго сезона.","2013-11-13T19:48:11+02:00","positive"
"313","сериальчик отличный! Заманивает! Вообще крут...оценка 10 из10!! )))))))))))","2013-09-21T21:57:41+03:00","positive"
"314","так себе....но затягивает....когда будет продолжение???","2013-08-03T17:15:20+03:00","positive"
"315","Ну очень,очень крутой сериал с не терпением жду продолжения.","2014-08-30T12:13:29+03:00","positive"
"316","мені дуже навіть сподобалось) шанувальниця кінга, і думаю що і книгу проковтну на лічені дні)","2013-08-01T16:10:58+03:00","positive"
"317","класний сериал, советую!!!","2013-07-17T11:51:46+03:00","positive"
"318","Сериал очень понравился ! 
Таких сериалов очень мало. 
Любителям сериала LOST должно понравиться.","2013-07-03T14:42:25+03:00","positive"
"319","шикарное начало)","2013-07-01T14:59:18+03:00","positive"
"320","Перша серія супер, все як по книжці, буду чекати наступні серії","2013-06-30T22:46:57+03:00","positive"
"321","довольно неплохо!","2013-06-28T09:54:02+03:00","positive"
"322","Заинтересовал.Рекомендую!","2013-06-27T23:35:43+03:00","positive"
"323","Много несовпадений с книгой. Книга супер.","2014-08-03T14:28:39+03:00","positive"
"324","ОтличнЫй сериал.  Стивен Кинг одним словом. экранизация пока нравится)) рекомендую.","2014-09-04T16:32:17+03:00","positive"
"325","Одобрено!","2014-09-07T23:39:52+03:00","positive"
"326","К третьему сезону, сериал скатился в помои.","2015-07-19T23:23:40+03:00","negative"
"327","Сировато, але дивитися можна.","2015-09-21T13:36:09+03:00","positive"
"328","Неплохой сериал, правда не по книге вовсе!","2015-09-21T10:56:33+03:00","positive"
"329","Не ЛОСТ, но смотреть можно. Хотя ляпов полно.","2015-09-20T17:49:39+03:00","positive"
"330","Задумка прикольная. Но исполнение отвратительное, игра актеров слабая, спецэффекты ужасные.","2015-09-14T12:05:38+03:00","negative"
"331","3-й сезон - это просто насилие над мозгом..","2015-08-26T18:57:03+03:00","negative"
"332","Мне сериал понравился ,хоть и сюжет с каждым сезоном всё более закручен ,но и интересней","2015-08-18T09:38:46+03:00","positive"
"333","Вот смотрю 3-ий сезон как раз, где образовалось стадо, такое чувство вроде в сРашке оказался.","2015-08-12T21:48:29+03:00","positive"
"334","нудотина. хватило на 3серии","2015-07-22T15:40:44+03:00","negative"
"335","Перший сезон був ще норм а потім тупий треш","2015-07-16T18:11:32+03:00","negative"
"336","Довольно не плохой сериал, и выделяется из массы того дерьма - которое сейчас снимают.","2015-07-11T11:28:28+03:00","positive"
"337","как-то 3-й сезон только не впечатляет(","2015-07-11T02:27:30+03:00","positive"
"338","Первый сезон отличный, но начиная со второго полнейший бред.","2015-07-10T19:55:39+03:00","negative"
"339","Мне понравился сериал.
Рекомендую всем.","2014-11-16T13:38:19+02:00","positive"
"340","Сериал прервался на втором сезоне. Смысла смотреть теперь его нету. Конца не будет.","2014-09-29T10:26:00+03:00","negative"
"341","класний супер...)))))!","2014-09-27T20:20:25+03:00","positive"
"342","Один из лучших сериалов. Закрутили, в голову не лезит. Концовка, отличная","2014-09-25T09:34:13+03:00","positive"
"343","я так и непонял концовки этого сериала(","2014-05-25T08:53:34+03:00","positive"
"344","Классный сериальчик. Дождаться не могу уже 2-й сезон","2014-02-23T19:06:18+02:00","positive"
"345","Скорее бы второй сезон !!!!!!","2014-05-02T20:46:44+03:00","positive"
"346","Ну и чушь ...","2015-07-17T19:07:11+03:00","negative"
"347","Воид ультанул....","2015-08-05T15:24:47+03:00","positive"
"348","Сначала понравился, первый сезон интересный, а вот второй... Санта Барбара((","2014-09-18T17:53:38+03:00","positive"
"349","Норм сериал, правда через чур затянут, можно было б и в 1 сезон уложится","2014-09-23T19:10:48+03:00","positive"
"350","3 Й СЕЗОН  ПРОСТО КОШМАР!!!!","2015-08-28T20:36:45+03:00","negative"
"351","Это конец ? Я так и не понял кто там выживет . Кидалава","2014-09-27T00:12:38+03:00","positive"
"352","1й сезон - да. 2й сезон - нет","2014-09-23T00:40:36+03:00","negative"
"353","2 серия 2 сезона 34:50! Это сам Кинг просить кофе ?! Круто))","2014-07-06T12:54:39+03:00","positive"
"354","Первая серия просто КАЛЛ отбила охоту смотреть дальше","2013-11-27T11:44:47+02:00","negative"
"355","Чем то напоминает Эврику)","2013-10-02T22:10:51+03:00","positive"
"356","Мне сериал понравился. Да, отличается от книги, но по моему в лучшую сторону - не такой жестокий.","2013-08-22T17:47:59+03:00","positive"
"357","не ну нічо так)))+7","2013-07-14T11:41:48+03:00","positive"
"358","сериал прикольный но книга намного лучше. Кинг рулит!","2013-07-04T14:41:04+03:00","positive"
"359","Очень не плохое начало.......","2013-06-26T22:21:00+03:00","positive"
"360","Войд Одобряет :)","2014-05-20T18:09:13+03:00","positive"
"361","Бредятина редкостная !!!","2014-08-21T18:07:55+03:00","negative"
"362","кто я вор,нет хуже -ты политик","2014-07-23T21:09:14+03:00","positive"
"363","Дебильное окончание хорошего фильма))","2013-10-07T22:17:02+03:00","positive"
"364","Идея конечно интересная, но сам сериал получился каким-то второсортным.","2013-12-22T02:02:18+02:00","negative"
"365","Мура тошнотная.","2014-07-20T22:17:12+03:00","negative"
"366","Запороли сериал, смотрю лишь потому что больше нечего смотреть ! &gt;.&lt;","2014-07-29T15:51:36+03:00","negative"
"367","дерьмо","2014-01-02T18:09:43+02:00","negative"
"368","Первые серии интересно остальное пошла магия и тому подобная чипуха","2013-12-05T21:42:00+02:00","negative"
"369","не скажу,что в восторге,но смотрю.","2013-09-27T12:22:27+03:00","positive"
"370","на 90% напоминает сериал ""Иерихон"". Только вместо купола - ядерный апокалипсис....6 из 10","2013-08-12T22:31:06+03:00","positive"
"371","Дякуємо Кінгу за пропаганду високих лесбійських відносин. Чи цього в його книзі не було?","2013-08-07T14:42:55+03:00","negative"
"372","_________________М  Ы  Л  О______________","2013-07-25T19:39:29+03:00","negative"
"373","серіал класний, але лезбіянки харять.","2013-08-16T23:26:42+03:00","positive"
"374","смотрю абы смотреть","2013-09-08T16:31:43+03:00","negative"
"375","хм... где-то я это уже видел... ах да, что-то подобное было в Симпсонах))","2013-09-26T01:08:11+03:00","positive"
"376","Сериал интересный, качественный. Но есть один момент который меня отталкивает","2013-08-01T21:32:39+03:00","positive"
"377","Полный бред!!!!!!","2013-11-11T07:50:22+02:00","negative"
"378","НАПОМИНАЕТ ПОТЕРЯНЫХ ~~~~LOST~~~ КАК-ТО НУДНОВАТО И ПРИТОРНО ...((((((","2013-07-09T22:12:35+03:00","negative"
"379","сериал (в Аквариуме) с участием американских клоунов","2013-10-25T18:54:40+03:00","negative"
"380","У почему нужно обязательно присунуть в кино тошниловку с родовыми схватками? ф топку!","2013-08-08T18:45:46+03:00","negative"
"381","Кинг это клас, но фильм , игра акторов говно!!!","2013-09-03T22:38:29+03:00","negative"
"382","игра актеров конечно....просто ужас","2013-07-23T19:09:23+03:00","negative"
"383","Чем то напомнил ""Семнадцать мгновений весны"".","2013-08-10T07:42:59+03:00","positive"
"384","Идею с Симпсонов стырили !!!а так сериал норм :)","2013-08-04T22:06:08+03:00","positive"
"385","провал","2013-06-28T01:06:25+03:00","negative"
"386","гавно","2013-06-28T14:44:14+03:00","positive"
